time,spot_ER_Russia
319,22.846599012006322
320,22.766413365531108
321,22.764520676828678
