time,spot_ER_Russia
316,23.526928258514392
317,23.43621439131309
318,23.43344315958998
319,23.433357275696775
320,23.433354579592077
321,23.433354495186247
