time,spot_ER_Russia
319,86.74523252334807
320,89.03121831536609
321,91.36595022517963
