time,spot_ER_Russia
316,69.93113177408064
317,73.88534288232198
318,79.59102031827592
319,90.20505153355545
320,94.56946461306836
321,98.11004749988167
