time,spot_ER_Russia
319,70.03975575171614
320,69.75983677690931
321,73.06784894716229
