time,spot_ER_Russia
316,67.01683636509719
317,74.51645853259026
318,74.50588472067426
319,80.26210047521928
320,79.07510565543987
321,79.10280162063522
