time,spot_ER_Russia
319,72.94919463756965
320,72.80864681139799
321,74.47387673837845
