time,spot_ER_Russia
316,77.08134545599387
317,76.73119008210625
318,79.4202991747089
319,81.34724492301709
320,84.22218008681259
321,82.5470157771054
