time,spot_ER_Russia
319,82.74794911943437
320,85.14998707504628
321,85.99697233814143
