time,spot_ER_Russia
316,61.875193262040646
317,66.53682136849174
318,72.80323230080725
319,80.96319241147826
320,86.30247616890064
321,88.04211649317844
