time,spot_ER_Russia
319,42.20413662544226
320,44.69436134784266
321,44.89199374667041
