time,spot_ER_Russia
316,32.422144049629075
317,36.161308551076644
318,33.16863520981255
319,37.72267130331787
320,38.03185844228018
321,41.43180289009223
