time,spot_ER_China
316,7.062881593995176
317,7.089660193605681
318,7.1059498443284905
319,7.116586838956222
320,7.123564416440676
321,7.128150667125707
