time,spot_ER_China
319,7.236237081941639
320,7.240916373317258
321,7.241684764509777
