time,spot_ER_China
310,7.293610098096217
311,7.294669160504078
312,7.294699171279055
313,7.2946999455314145
314,7.294699965913735
315,7.29469996644738
316,7.294699966461366
317,7.2946999664617325
318,7.294699966461742
319,7.294699966461742
320,7.294699966461742
321,7.294699966461742
