time,spot_ER_China
319,8.723313249647877
320,8.68212622839965
321,8.698333980247451
