time,spot_ER_China
316,8.44754440850102
317,8.423421254322982
318,8.496422168191863
319,8.566135615172085
320,8.532582502438089
321,8.499210574554594
