time,spot_ER_China
316,12.66811635604462
317,12.335205776253582
318,12.283417189997257
319,12.229475393733264
320,11.72982884696743
321,13.29932820099977
