time,spot_ER_China
319,10.746044525978624
320,12.330644410936474
321,10.014259284230707
