time,spot_ER_China
316,11.295859668135677
317,11.056642173203741
318,11.225831015567866
319,11.035363139353805
320,10.849861352704533
321,10.815735501161459
