time,spot_ER_China
319,11.399601023080947
320,11.251570589095966
321,11.0673593316274
