time,spot_ER_China
316,8.113405238478077
317,8.072082625883898
318,8.107557243612952
319,8.1614488729689
320,8.171429644664691
321,8.18144052311342
