time,spot_ER_China
319,8.173296028781413
320,8.206053353640488
321,8.222881661870991
