time,spot_ER_China
316,6.677202272242432
317,6.5847623525771
318,6.668805774233484
319,6.666579960135238
320,6.595634630610681
321,6.727090872053097
