time,spot_ER_China
319,6.844385953933186
320,6.839188334065637
321,6.837589403008952
