time,spot_ER_India
319,24.87639389067937
320,24.857964879819246
321,24.857878740692176
