time,spot_ER_India
316,24.075089682237437
317,24.0638200045563
318,24.063780945646766
319,24.063780808459164
320,24.063780807980205
321,24.063780807978542
