time,spot_ER_India
319,80.30875597626101
320,79.4742029652165
321,79.09379213861149
