time,spot_ER_India
316,77.27736132178993
317,77.64339474213429
318,78.08132831673355
319,81.4306725471749
320,83.44561126103173
321,82.72387245190228
