time,spot_ER_India
316,89.9329995804294
317,87.8342186944313
318,88.44218475549901
319,90.7415828999569
320,93.42415439009461
321,93.49637541046744
