time,spot_ER_India
319,86.02481135253915
320,84.17547271890598
321,84.85687160224467
