time,spot_ER_India
319,84.89688000097931
320,88.35771796115297
321,89.57133046178845
