time,spot_ER_India
316,82.90978999660902
317,85.59272950112447
318,84.84053193931449
319,85.34163024873762
320,86.09160097698226
321,85.96219387644358
