time,spot_ER_India
319,78.33887167690642
320,76.15257819462147
321,75.67368568683452
