time,spot_ER_India
316,79.07931180554232
317,77.57305564131885
318,77.33297141422511
319,79.42952009477341
320,79.25230721797844
321,79.61337050567477
