time,spot_ER_India
316,67.21325707364326
317,66.95427993258753
318,67.46312306199408
319,66.5843818036413
320,66.98702758160834
321,68.12870138453727
