time,spot_ER_India
319,68.06376010232343
320,66.94360237801597
321,68.23231740368497
