time,spot_ER_Brazil
319,4.929441912110872
320,4.969704134240228
321,5.001403563306548
