time,spot_ER_Brazil
316,5.102367288527385
317,5.110554823409462
318,5.110257540581751
319,5.1108354487733365
320,5.1112094043490774
321,5.111560340511214
