time,spot_ER_Brazil
316,4.407655527074114
317,4.695467505264591
318,5.141101438020738
319,5.930722484612812
320,6.083582056907483
321,6.440820716455295
