time,spot_ER_Brazil
319,5.897354302169074
320,5.756741737926565
321,5.889069829927074
