time,spot_ER_Brazil
316,4.600199261263739
317,5.666097570686629
318,4.191454150622658
319,4.101217794273857
320,6.7251512994045894
321,4.645580558620355
