time,spot_ER_Brazil
319,4.86814027131252
320,5.184000203363178
321,4.96015652865449
