time,spot_ER_Brazil
319,4.97414482709206
320,5.025221178761389
321,5.025006300808746
