time,spot_ER_Brazil
316,5.282449005623208
317,4.982790362446569
318,5.082398847223725
319,5.1453633144504565
320,5.394192436132324
321,5.069329192999713
