time,spot_ER_Brazil
316,4.824106928627229
317,4.952258457600468
318,5.268656292874942
319,5.712864908439404
320,5.781765468129878
321,5.919812425899315
