time,spot_ER_Brazil
319,5.755064988235713
320,5.722375483153304
321,6.042806350777319
