time,spot_ER_Brazil
316,3.8107465649954277
317,4.1757740926072735
318,4.082582354771121
319,4.377388803233443
320,4.215287289287325
321,4.521403091353468
