time,spot_ER_Brazil
319,4.152359002933546
320,4.302531820136532
321,4.396083270654079
